행 고유 번호(부여 후 변경 금지),AlbumThemeInfo.themeId 참조 — 테마 안정 키,같은 테마 안에서 유일한 페이지 키,Card.id 참조 — 이 칸을 채우는 카드,페이지 안 칸 순서(0부터),참고용 이름(데이터 아님)
id,themeId,pageId,cardId,order,#cardName
int,string,string,int,int,string
1,Theme_Nature,P1,20,0,꿀꿀비
2,Theme_Nature,P1,2,1,
3,Theme_Nature,P1,3,2,별토리
4,Theme_Nature,P1,4,3,솜구름몽
5,Theme_Nature,P1,8,4,깜밤이
6,Theme_Nature,P1,9,5,버섯냥
7,Theme_Nature,P1,10,6,
8,Theme_Nature,P1,5,7,
9,Theme_Nature,P1,7,8,왕밤도치
10,Theme_Nature,P2,17,0,와글도도
11,Theme_Nature,P2,18,1,
12,Theme_Nature,P2,19,2,
13,Theme_Nature,P2,1,3,포슬램
14,Theme_Nature,P2,15,4,
15,Theme_Nature,P2,16,5,
16,Theme_Nature,P2,25,6,
17,Theme_Nature,P2,26,7,
18,Theme_Nature,P2,6,8,
19,Theme_Nature,P3,11,0,우드혼
20,Theme_Nature,P3,12,1,대장부리
21,Theme_Nature,P3,13,2,늪꾸리
22,Theme_Nature,P3,14,3,
23,Theme_Nature,P3,21,4,
24,Theme_Nature,P3,22,5,
25,Theme_Nature,P3,23,6,
26,Theme_Nature,P3,24,7,화르룩스
27,Theme_Nature,P3,27,8,모닥콩
28,Theme_Nature,P4,28,0,단풍꼬리
29,Theme_Nature,P4,29,1,
30,Theme_Nature,P4,30,2,폭탄밤
31,Theme_Nature,P4,38,3,
32,Theme_Nature,P4,31,4,크리스탈혼
33,Theme_Nature,P4,33,5,루미엘크
34,Theme_Nature,P4,34,6,
35,Theme_Nature,P4,37,7,
36,Theme_Nature,P4,35,8,
37,Theme_Nature,P5,40,0,
38,Theme_Nature,P5,39,1,
39,Theme_Nature,P5,32,2,
40,Theme_Nature,P5,36,3,
