행 고유 번호(부여 후 변경 금지),Roulette.rouletteId 참조,판 위의 자리(0=12시 · 시계방향으로 1~7). 판 그림이 8쐐기라 한 판에 0~7이 정확히 한 번씩 있어야 한다,?? ?? Currency/Pack. ? ?? ? ??? ? ?? ??? ??? ????,주는 재화(Gold/Diamond/Energy/Shard) 또는 CardPack.packId. 룰렛 티켓은 상품으로 넣을 수 없다,주는 수량. 1 이상이어야 한다(0 이하면 서버가 그 행을 버린다),?? ??? ??? ?? ??. ??? ? ?? ?? ?? / ?? ?? ??? ???? ?? ? ? ??? ????. 0 ??? 1? ??,참고용 메모(데이터 아님)
id,rouletteId,slotIndex,rewardType,rewardId,amount,weight,#memo
int,string,int,string,string,long,int,string
1,roulette_default,0,Currency,Gold,20,25,기본 비율 25%; 100회 주기 내 잔여 몫으로 보정
2,roulette_default,1,Currency,Gold,50,20,기본 비율 20%; 100회 주기 내 잔여 몫으로 보정
3,roulette_default,2,Currency,Shard,3,25,기본 비율 25%; 100회 주기 내 잔여 몫으로 보정
4,roulette_default,3,Currency,Shard,8,15,기본 비율 15%; 100회 주기 내 잔여 몫으로 보정
5,roulette_default,4,Currency,Diamond,1,8,기본 비율 8%; 100회 주기 내 잔여 몫으로 보정
6,roulette_default,5,Currency,Energy,5,4,기본 비율 4%; 100회 주기 내 잔여 몫으로 보정
7,roulette_default,6,Pack,NormalPack_TEST,1,2,기본 비율 2%; 100회 주기 내 잔여 몫으로 보정
8,roulette_default,7,Pack,NormalPack_TEST,1,1,기본 비율 1%; 100회 주기 내 잔여 몫으로 보정
